ER,SLR,County,State,DBcode,ELA_value,ELA_pct,ELNA_value,ELNA_pct,ENLA_value,ENLA_pct,ENLNA_value,ENLNA_pct
000,000,Brunswick County,NC,CR2,0,0.0000,0,0.0000,0,0.0000,0,0.0000
000,000,Brunswick County,NC,CR3,0,0.0000,0,0.0000,0,0.0000,0,0.0000
000,000,Brunswick County,NC,CR4,0,0.0000,0,0.0000,0,0.0000,0,0.0000
000,000,Brunswick County,NC,CR5,0,0.0000,0,0.0000,0,0.0000,0,0.0000
000,000,Brunswick County,NC,WW2,0,0.0000,0,0.0000,0,0.0000,0,0.0000
000,000,Brunswick County,NC,WW3,0,0.0000,0,0.0000,0,0.0000,0,0.0000
000,000,Brunswick County,NC,WW4,0,0.0000,0,0.0000,0,0.0000,0,0.0000
000,025,Brunswick County,NC,CR2,0,0.0000,0,0.0000,0,0.0000,0,0.0000
000,025,Brunswick County,NC,CR3,0,0.0000,0,0.0000,0,0.0000,0,0.0000
000,025,Brunswick County,NC,CR4,0,0.0000,0,0.0000,0,0.0000,0,0.0000
000,025,Brunswick County,NC,CR5,0,0.0000,0,0.0000,0,0.0000,0,0.0000
000,025,Brunswick County,NC,WW2,0,0.0000,0,0.0000,0,0.0000,0,0.0000
000,025,Brunswick County,NC,WW3,0,0.0000,0,0.0000,0,0.0000,0,0.0000
000,025,Brunswick County,NC,WW4,0,0.0000,0,0.0000,0,0.0000,0,0.0000
000,050,Brunswick County,NC,CR2,0,0.0000,0,0.0000,0,0.0000,0,0.0000
000,050,Brunswick County,NC,CR3,0,0.0000,0,0.0000,0,0.0000,0,0.0000
000,050,Brunswick County,NC,CR4,0,0.0000,0,0.0000,0,0.0000,0,0.0000
000,050,Brunswick County,NC,CR5,0,0.0000,0,0.0000,0,0.0000,0,0.0000
000,050,Brunswick County,NC,WW2,0,0.0000,0,0.0000,0,0.0000,0,0.0000
000,050,Brunswick County,NC,WW3,0,0.0000,0,0.0000,0,0.0000,0,0.0000
000,050,Brunswick County,NC,WW4,0,0.0000,0,0.0000,0,0.0000,0,0.0000
000,100,Brunswick County,NC,CR2,0,0.0000,0,0.0000,0,0.0000,0,0.0000
000,100,Brunswick County,NC,CR3,0,0.0000,0,0.0000,0,0.0000,0,0.0000
000,100,Brunswick County,NC,CR4,0,0.0000,0,0.0000,0,0.0000,0,0.0000
000,100,Brunswick County,NC,CR5,0,0.0000,0,0.0000,0,0.0000,0,0.0000
000,100,Brunswick County,NC,WW2,0,0.0000,0,0.0000,0,0.0000,0,0.0000
000,100,Brunswick County,NC,WW3,0,0.0000,0,0.0000,0,0.0000,0,0.0000
000,100,Brunswick County,NC,WW4,0,0.0000,0,0.0000,0,0.0000,0,0.0000
000,150,Brunswick County,NC,CR2,0,0.0000,0,0.0000,0,0.0000,1,0.1250
000,150,Brunswick County,NC,CR3,0,0.0000,0,0.0000,1,0.0526,1,0.0526
000,150,Brunswick County,NC,CR4,0,0.0000,0,0.0000,0,0.0000,0,0.0000
000,150,Brunswick County,NC,CR5,0,0.0000,0,0.0000,0,0.0000,0,0.0000
000,150,Brunswick County,NC,WW2,0,0.0000,0,0.0000,0,0.0000,0,0.0000
000,150,Brunswick County,NC,WW3,0,0.0000,0,0.0000,0,0.0000,0,0.0000
000,150,Brunswick County,NC,WW4,0,0.0000,0,0.0000,0,0.0000,0,0.0000
000,200,Brunswick County,NC,CR2,0,0.0000,0,0.0000,1,0.1250,2,0.2500
000,200,Brunswick County,NC,CR3,0,0.0000,0,0.0000,1,0.0526,1,0.0526
000,200,Brunswick County,NC,CR4,0,0.0000,0,0.0000,0,0.0000,0,0.0000
000,200,Brunswick County,NC,CR5,0,0.0000,0,0.0000,0,0.0000,0,0.0000
000,200,Brunswick County,NC,WW2,0,0.0000,0,0.0000,0,0.0000,0,0.0000
000,200,Brunswick County,NC,WW3,0,0.0000,0,0.0000,0,0.0000,0,0.0000
000,200,Brunswick County,NC,WW4,0,0.0000,0,0.0000,0,0.0000,0,0.0000
000,300,Brunswick County,NC,CR2,0,0.0000,0,0.0000,4,0.5000,4,0.5000
000,300,Brunswick County,NC,CR3,0,0.0000,0,0.0000,1,0.0526,1,0.0526
000,300,Brunswick County,NC,CR4,0,0.0000,0,0.0000,0,0.0000,0,0.0000
000,300,Brunswick County,NC,CR5,0,0.0000,0,0.0000,0,0.0000,0,0.0000
000,300,Brunswick County,NC,WW2,0,0.0000,0,0.0000,0,0.0000,0,0.0000
000,300,Brunswick County,NC,WW3,0,0.0000,0,0.0000,0,0.0000,0,0.0000
000,300,Brunswick County,NC,WW4,0,0.0000,0,0.0000,0,0.0000,0,0.0000
100,000,Brunswick County,NC,CR2,0,0.0000,0,0.0000,0,0.0000,0,0.0000
100,000,Brunswick County,NC,CR3,0,0.0000,0,0.0000,0,0.0000,0,0.0000
100,000,Brunswick County,NC,CR4,0,0.0000,0,0.0000,0,0.0000,0,0.0000
100,000,Brunswick County,NC,CR5,0,0.0000,0,0.0000,0,0.0000,0,0.0000
100,000,Brunswick County,NC,WW2,0,0.0000,0,0.0000,0,0.0000,0,0.0000
100,000,Brunswick County,NC,WW3,0,0.0000,0,0.0000,0,0.0000,0,0.0000
100,000,Brunswick County,NC,WW4,0,0.0000,0,0.0000,0,0.0000,0,0.0000
100,025,Brunswick County,NC,CR2,0,0.0000,0,0.0000,0,0.0000,0,0.0000
100,025,Brunswick County,NC,CR3,0,0.0000,0,0.0000,0,0.0000,0,0.0000
100,025,Brunswick County,NC,CR4,0,0.0000,0,0.0000,0,0.0000,0,0.0000
100,025,Brunswick County,NC,CR5,0,0.0000,0,0.0000,0,0.0000,0,0.0000
100,025,Brunswick County,NC,WW2,0,0.0000,0,0.0000,0,0.0000,0,0.0000
100,025,Brunswick County,NC,WW3,0,0.0000,0,0.0000,0,0.0000,0,0.0000
100,025,Brunswick County,NC,WW4,0,0.0000,0,0.0000,0,0.0000,0,0.0000
100,050,Brunswick County,NC,CR2,0,0.0000,0,0.0000,0,0.0000,0,0.0000
100,050,Brunswick County,NC,CR3,0,0.0000,0,0.0000,0,0.0000,0,0.0000
100,050,Brunswick County,NC,CR4,0,0.0000,0,0.0000,0,0.0000,0,0.0000
100,050,Brunswick County,NC,CR5,0,0.0000,0,0.0000,0,0.0000,0,0.0000
100,050,Brunswick County,NC,WW2,0,0.0000,0,0.0000,0,0.0000,0,0.0000
100,050,Brunswick County,NC,WW3,0,0.0000,0,0.0000,0,0.0000,0,0.0000
100,050,Brunswick County,NC,WW4,0,0.0000,0,0.0000,0,0.0000,0,0.0000
100,100,Brunswick County,NC,CR2,0,0.0000,0,0.0000,0,0.0000,0,0.0000
100,100,Brunswick County,NC,CR3,0,0.0000,0,0.0000,0,0.0000,0,0.0000
100,100,Brunswick County,NC,CR4,0,0.0000,0,0.0000,0,0.0000,0,0.0000
100,100,Brunswick County,NC,CR5,0,0.0000,0,0.0000,0,0.0000,0,0.0000
100,100,Brunswick County,NC,WW2,0,0.0000,0,0.0000,0,0.0000,0,0.0000
100,100,Brunswick County,NC,WW3,0,0.0000,0,0.0000,0,0.0000,0,0.0000
100,100,Brunswick County,NC,WW4,0,0.0000,0,0.0000,0,0.0000,0,0.0000
100,150,Brunswick County,NC,CR2,0,0.0000,0,0.0000,0,0.0000,1,0.1250
100,150,Brunswick County,NC,CR3,0,0.0000,0,0.0000,1,0.0526,1,0.0526
100,150,Brunswick County,NC,CR4,0,0.0000,0,0.0000,0,0.0000,0,0.0000
100,150,Brunswick County,NC,CR5,0,0.0000,0,0.0000,0,0.0000,0,0.0000
100,150,Brunswick County,NC,WW2,0,0.0000,0,0.0000,0,0.0000,0,0.0000
100,150,Brunswick County,NC,WW3,0,0.0000,0,0.0000,0,0.0000,0,0.0000
100,150,Brunswick County,NC,WW4,0,0.0000,0,0.0000,0,0.0000,0,0.0000
100,200,Brunswick County,NC,CR2,0,0.0000,0,0.0000,1,0.1250,2,0.2500
100,200,Brunswick County,NC,CR3,0,0.0000,0,0.0000,1,0.0526,1,0.0526
100,200,Brunswick County,NC,CR4,0,0.0000,0,0.0000,0,0.0000,0,0.0000
100,200,Brunswick County,NC,CR5,0,0.0000,0,0.0000,0,0.0000,0,0.0000
100,200,Brunswick County,NC,WW2,0,0.0000,0,0.0000,0,0.0000,0,0.0000
100,200,Brunswick County,NC,WW3,0,0.0000,0,0.0000,0,0.0000,0,0.0000
100,200,Brunswick County,NC,WW4,0,0.0000,0,0.0000,0,0.0000,0,0.0000
100,300,Brunswick County,NC,CR2,0,0.0000,0,0.0000,4,0.5000,4,0.5000
100,300,Brunswick County,NC,CR3,0,0.0000,0,0.0000,1,0.0526,1,0.0526
100,300,Brunswick County,NC,CR4,0,0.0000,0,0.0000,0,0.0000,0,0.0000
100,300,Brunswick County,NC,CR5,0,0.0000,0,0.0000,0,0.0000,0,0.0000
100,300,Brunswick County,NC,WW2,0,0.0000,0,0.0000,0,0.0000,0,0.0000
100,300,Brunswick County,NC,WW3,0,0.0000,0,0.0000,0,0.0000,0,0.0000
100,300,Brunswick County,NC,WW4,0,0.0000,0,0.0000,0,0.0000,0,0.0000
000,000,Carteret County,NC,CR2,0,0.0000,0,0.0000,0,0.0000,0,0.0000
000,000,Carteret County,NC,CR3,0,0.0000,0,0.0000,0,0.0000,0,0.0000
000,000,Carteret County,NC,CR4,0,0.0000,0,0.0000,0,0.0000,0,0.0000
000,000,Carteret County,NC,CR5,0,0.0000,0,0.0000,0,0.0000,0,0.0000
000,000,Carteret County,NC,WW2,0,0.0000,0,0.0000,0,0.0000,0,0.0000
000,000,Carteret County,NC,WW3,0,0.0000,0,0.0000,0,0.0000,0,0.0000
000,000,Carteret County,NC,WW4,0,0.0000,0,0.0000,0,0.0000,0,0.0000
000,025,Carteret County,NC,CR2,0,0.0000,0,0.0000,0,0.0000,0,0.0000
000,025,Carteret County,NC,CR3,0,0.0000,0,0.0000,0,0.0000,0,0.0000
000,025,Carteret County,NC,CR4,0,0.0000,0,0.0000,0,0.0000,0,0.0000
000,025,Carteret County,NC,CR5,0,0.0000,0,0.0000,0,0.0000,0,0.0000
000,025,Carteret County,NC,WW2,0,0.0000,0,0.0000,0,0.0000,0,0.0000
000,025,Carteret County,NC,WW3,0,0.0000,0,0.0000,0,0.0000,0,0.0000
000,025,Carteret County,NC,WW4,0,0.0000,0,0.0000,0,0.0000,0,0.0000
000,050,Carteret County,NC,CR2,0,0.0000,0,0.0000,0,0.0000,0,0.0000
000,050,Carteret County,NC,CR3,0,0.0000,0,0.0000,0,0.0000,0,0.0000
000,050,Carteret County,NC,CR4,0,0.0000,0,0.0000,0,0.0000,0,0.0000
000,050,Carteret County,NC,CR5,0,0.0000,0,0.0000,0,0.0000,0,0.0000
000,050,Carteret County,NC,WW2,1,0.0060,1,0.0060,1,0.0060,1,0.0060
000,050,Carteret County,NC,WW3,0,0.0000,0,0.0000,0,0.0000,0,0.0000
000,050,Carteret County,NC,WW4,0,0.0000,0,0.0000,0,0.0000,0,0.0000
000,100,Carteret County,NC,CR2,0,0.0000,0,0.0000,0,0.0000,0,0.0000
000,100,Carteret County,NC,CR3,0,0.0000,0,0.0000,0,0.0000,0,0.0000
000,100,Carteret County,NC,CR4,0,0.0000,0,0.0000,0,0.0000,0,0.0000
000,100,Carteret County,NC,CR5,0,0.0000,0,0.0000,0,0.0000,0,0.0000
000,100,Carteret County,NC,WW2,1,0.0060,1,0.0060,2,0.0120,2,0.0120
000,100,Carteret County,NC,WW3,0,0.0000,0,0.0000,0,0.0000,0,0.0000
000,100,Carteret County,NC,WW4,0,0.0000,0,0.0000,0,0.0000,0,0.0000
000,150,Carteret County,NC,CR2,0,0.0000,0,0.0000,0,0.0000,0,0.0000
000,150,Carteret County,NC,CR3,0,0.0000,0,0.0000,0,0.0000,0,0.0000
000,150,Carteret County,NC,CR4,0,0.0000,0,0.0000,0,0.0000,0,0.0000
000,150,Carteret County,NC,CR5,0,0.0000,0,0.0000,0,0.0000,0,0.0000
000,150,Carteret County,NC,WW2,1,0.0060,1,0.0060,4,0.0241,5,0.0301
000,150,Carteret County,NC,WW3,0,0.0000,0,0.0000,0,0.0000,0,0.0000
000,150,Carteret County,NC,WW4,0,0.0000,0,0.0000,0,0.0000,0,0.0000
000,200,Carteret County,NC,CR2,0,0.0000,0,0.0000,0,0.0000,1,0.2500
000,200,Carteret County,NC,CR3,0,0.0000,0,0.0000,0,0.0000,1,0.0667
000,200,Carteret County,NC,CR4,0,0.0000,0,0.0000,0,0.0000,0,0.0000
000,200,Carteret County,NC,CR5,0,0.0000,0,0.0000,0,0.0000,0,0.0000
000,200,Carteret County,NC,WW2,1,0.0060,1,0.0060,5,0.0301,11,0.0663
000,200,Carteret County,NC,WW3,0,0.0000,0,0.0000,0,0.0000,0,0.0000
000,200,Carteret County,NC,WW4,0,0.0000,0,0.0000,0,0.0000,0,0.0000
000,300,Carteret County,NC,CR2,0,0.0000,0,0.0000,2,0.5000,2,0.5000
000,300,Carteret County,NC,CR3,0,0.0000,0,0.0000,3,0.2000,3,0.2000
000,300,Carteret County,NC,CR4,0,0.0000,0,0.0000,0,0.0000,0,0.0000
000,300,Carteret County,NC,CR5,0,0.0000,0,0.0000,0,0.0000,0,0.0000
000,300,Carteret County,NC,WW2,1,0.0060,1,0.0060,27,0.1627,27,0.1627
000,300,Carteret County,NC,WW3,0,0.0000,0,0.0000,0,0.0000,0,0.0000
000,300,Carteret County,NC,WW4,0,0.0000,0,0.0000,0,0.0000,0,0.0000
100,000,Carteret County,NC,CR2,0,0.0000,0,0.0000,0,0.0000,0,0.0000
100,000,Carteret County,NC,CR3,0,0.0000,0,0.0000,0,0.0000,0,0.0000
100,000,Carteret County,NC,CR4,0,0.0000,0,0.0000,0,0.0000,0,0.0000
100,000,Carteret County,NC,CR5,0,0.0000,0,0.0000,0,0.0000,0,0.0000
100,000,Carteret County,NC,WW2,0,0.0000,0,0.0000,0,0.0000,0,0.0000
100,000,Carteret County,NC,WW3,0,0.0000,0,0.0000,0,0.0000,0,0.0000
100,000,Carteret County,NC,WW4,0,0.0000,0,0.0000,0,0.0000,0,0.0000
100,025,Carteret County,NC,CR2,0,0.0000,0,0.0000,0,0.0000,0,0.0000
100,025,Carteret County,NC,CR3,0,0.0000,0,0.0000,0,0.0000,0,0.0000
100,025,Carteret County,NC,CR4,0,0.0000,0,0.0000,0,0.0000,0,0.0000
100,025,Carteret County,NC,CR5,0,0.0000,0,0.0000,0,0.0000,0,0.0000
100,025,Carteret County,NC,WW2,1,0.0060,1,0.0060,1,0.0060,1,0.0060
100,025,Carteret County,NC,WW3,0,0.0000,0,0.0000,0,0.0000,0,0.0000
100,025,Carteret County,NC,WW4,0,0.0000,0,0.0000,0,0.0000,0,0.0000
100,050,Carteret County,NC,CR2,0,0.0000,0,0.0000,0,0.0000,0,0.0000
100,050,Carteret County,NC,CR3,0,0.0000,0,0.0000,0,0.0000,0,0.0000
100,050,Carteret County,NC,CR4,0,0.0000,0,0.0000,0,0.0000,0,0.0000
100,050,Carteret County,NC,CR5,0,0.0000,0,0.0000,0,0.0000,0,0.0000
100,050,Carteret County,NC,WW2,1,0.0060,1,0.0060,1,0.0060,1,0.0060
100,050,Carteret County,NC,WW3,0,0.0000,0,0.0000,0,0.0000,0,0.0000
100,050,Carteret County,NC,WW4,0,0.0000,0,0.0000,0,0.0000,0,0.0000
100,100,Carteret County,NC,CR2,0,0.0000,0,0.0000,0,0.0000,0,0.0000
100,100,Carteret County,NC,CR3,0,0.0000,0,0.0000,0,0.0000,0,0.0000
100,100,Carteret County,NC,CR4,0,0.0000,0,0.0000,0,0.0000,0,0.0000
100,100,Carteret County,NC,CR5,0,0.0000,0,0.0000,0,0.0000,0,0.0000
100,100,Carteret County,NC,WW2,1,0.0060,1,0.0060,2,0.0120,2,0.0120
100,100,Carteret County,NC,WW3,0,0.0000,0,0.0000,0,0.0000,0,0.0000
100,100,Carteret County,NC,WW4,0,0.0000,0,0.0000,0,0.0000,0,0.0000
100,150,Carteret County,NC,CR2,0,0.0000,0,0.0000,0,0.0000,0,0.0000
100,150,Carteret County,NC,CR3,0,0.0000,0,0.0000,0,0.0000,0,0.0000
100,150,Carteret County,NC,CR4,0,0.0000,0,0.0000,0,0.0000,0,0.0000
100,150,Carteret County,NC,CR5,0,0.0000,0,0.0000,0,0.0000,0,0.0000
100,150,Carteret County,NC,WW2,1,0.0060,1,0.0060,4,0.0241,5,0.0301
100,150,Carteret County,NC,WW3,0,0.0000,0,0.0000,0,0.0000,0,0.0000
100,150,Carteret County,NC,WW4,0,0.0000,0,0.0000,0,0.0000,0,0.0000
100,200,Carteret County,NC,CR2,0,0.0000,0,0.0000,0,0.0000,1,0.2500
100,200,Carteret County,NC,CR3,0,0.0000,0,0.0000,0,0.0000,1,0.0667
100,200,Carteret County,NC,CR4,0,0.0000,0,0.0000,0,0.0000,0,0.0000
100,200,Carteret County,NC,CR5,0,0.0000,0,0.0000,0,0.0000,0,0.0000
100,200,Carteret County,NC,WW2,1,0.0060,1,0.0060,8,0.0482,11,0.0663
100,200,Carteret County,NC,WW3,0,0.0000,0,0.0000,0,0.0000,0,0.0000
100,200,Carteret County,NC,WW4,0,0.0000,0,0.0000,0,0.0000,0,0.0000
100,300,Carteret County,NC,CR2,0,0.0000,0,0.0000,2,0.5000,2,0.5000
100,300,Carteret County,NC,CR3,0,0.0000,0,0.0000,3,0.2000,3,0.2000
100,300,Carteret County,NC,CR4,0,0.0000,0,0.0000,0,0.0000,0,0.0000
100,300,Carteret County,NC,CR5,0,0.0000,0,0.0000,0,0.0000,0,0.0000
100,300,Carteret County,NC,WW2,1,0.0060,1,0.0060,27,0.1627,27,0.1627
100,300,Carteret County,NC,WW3,0,0.0000,0,0.0000,0,0.0000,0,0.0000
100,300,Carteret County,NC,WW4,0,0.0000,0,0.0000,0,0.0000,0,0.0000
000,000,Currituck County,NC,CR2,0,0.0000,0,0.0000,0,0.0000,0,0.0000
000,000,Currituck County,NC,CR3,0,0.0000,0,0.0000,0,0.0000,0,0.0000
000,000,Currituck County,NC,CR4,0,0.0000,0,0.0000,0,0.0000,0,0.0000
000,000,Currituck County,NC,CR5,0,0.0000,0,0.0000,0,0.0000,0,0.0000
000,000,Currituck County,NC,WW2,0,0.0000,0,0.0000,0,0.0000,0,0.0000
000,000,Currituck County,NC,WW3,0,0.0000,0,0.0000,0,0.0000,0,0.0000
000,000,Currituck County,NC,WW4,0,0.0000,0,0.0000,0,0.0000,0,0.0000
000,025,Currituck County,NC,CR2,0,0.0000,0,0.0000,0,0.0000,0,0.0000
000,025,Currituck County,NC,CR3,0,0.0000,0,0.0000,0,0.0000,0,0.0000
000,025,Currituck County,NC,CR4,0,0.0000,0,0.0000,0,0.0000,0,0.0000
000,025,Currituck County,NC,CR5,0,0.0000,0,0.0000,0,0.0000,0,0.0000
000,025,Currituck County,NC,WW2,0,0.0000,0,0.0000,1,0.0208,1,0.0208
000,025,Currituck County,NC,WW3,0,0.0000,0,0.0000,0,0.0000,0,0.0000
000,025,Currituck County,NC,WW4,0,0.0000,0,0.0000,0,0.0000,0,0.0000
000,050,Currituck County,NC,CR2,0,0.0000,0,0.0000,0,0.0000,0,0.0000
000,050,Currituck County,NC,CR3,0,0.0000,0,0.0000,0,0.0000,0,0.0000
000,050,Currituck County,NC,CR4,0,0.0000,0,0.0000,1,0.1000,1,0.1000
000,050,Currituck County,NC,CR5,0,0.0000,0,0.0000,0,0.0000,0,0.0000
000,050,Currituck County,NC,WW2,0,0.0000,0,0.0000,1,0.0208,1,0.0208
000,050,Currituck County,NC,WW3,0,0.0000,0,0.0000,0,0.0000,0,0.0000
000,050,Currituck County,NC,WW4,0,0.0000,0,0.0000,0,0.0000,0,0.0000
000,100,Currituck County,NC,CR2,0,0.0000,0,0.0000,0,0.0000,0,0.0000
000,100,Currituck County,NC,CR3,0,0.0000,0,0.0000,1,0.1000,1,0.1000
000,100,Currituck County,NC,CR4,0,0.0000,0,0.0000,1,0.1000,1,0.1000
000,100,Currituck County,NC,CR5,0,0.0000,0,0.0000,0,0.0000,0,0.0000
000,100,Currituck County,NC,WW2,0,0.0000,0,0.0000,1,0.0208,1,0.0208
000,100,Currituck County,NC,WW3,0,0.0000,0,0.0000,0,0.0000,0,0.0000
000,100,Currituck County,NC,WW4,0,0.0000,0,0.0000,0,0.0000,0,0.0000
000,150,Currituck County,NC,CR2,0,0.0000,0,0.0000,0,0.0000,0,0.0000
000,150,Currituck County,NC,CR3,0,0.0000,0,0.0000,2,0.2000,2,0.2000
000,150,Currituck County,NC,CR4,0,0.0000,0,0.0000,1,0.1000,1,0.1000
000,150,Currituck County,NC,CR5,0,0.0000,0,0.0000,0,0.0000,0,0.0000
000,150,Currituck County,NC,WW2,0,0.0000,0,0.0000,1,0.0208,1,0.0208
000,150,Currituck County,NC,WW3,0,0.0000,0,0.0000,0,0.0000,0,0.0000
000,150,Currituck County,NC,WW4,0,0.0000,0,0.0000,0,0.0000,0,0.0000
000,200,Currituck County,NC,CR2,0,0.0000,0,0.0000,0,0.0000,0,0.0000
000,200,Currituck County,NC,CR3,0,0.0000,0,0.0000,2,0.2000,2,0.2000
000,200,Currituck County,NC,CR4,0,0.0000,0,0.0000,1,0.1000,1,0.1000
000,200,Currituck County,NC,CR5,0,0.0000,0,0.0000,0,0.0000,0,0.0000
000,200,Currituck County,NC,WW2,0,0.0000,0,0.0000,1,0.0208,1,0.0208
000,200,Currituck County,NC,WW3,0,0.0000,0,0.0000,0,0.0000,0,0.0000
000,200,Currituck County,NC,WW4,0,0.0000,0,0.0000,0,0.0000,0,0.0000
000,300,Currituck County,NC,CR2,0,0.0000,0,0.0000,0,0.0000,0,0.0000
000,300,Currituck County,NC,CR3,0,0.0000,0,0.0000,5,0.5000,5,0.5000
000,300,Currituck County,NC,CR4,0,0.0000,0,0.0000,1,0.1000,1,0.1000
000,300,Currituck County,NC,CR5,0,0.0000,0,0.0000,0,0.0000,0,0.0000
000,300,Currituck County,NC,WW2,0,0.0000,0,0.0000,1,0.0208,1,0.0208
000,300,Currituck County,NC,WW3,0,0.0000,0,0.0000,0,0.0000,0,0.0000
000,300,Currituck County,NC,WW4,0,0.0000,0,0.0000,0,0.0000,0,0.0000
100,000,Currituck County,NC,CR2,0,0.0000,0,0.0000,0,0.0000,0,0.0000
100,000,Currituck County,NC,CR3,0,0.0000,0,0.0000,0,0.0000,0,0.0000
100,000,Currituck County,NC,CR4,0,0.0000,0,0.0000,0,0.0000,0,0.0000
100,000,Currituck County,NC,CR5,0,0.0000,0,0.0000,0,0.0000,0,0.0000
100,000,Currituck County,NC,WW2,0,0.0000,0,0.0000,0,0.0000,0,0.0000
100,000,Currituck County,NC,WW3,0,0.0000,0,0.0000,0,0.0000,0,0.0000
100,000,Currituck County,NC,WW4,0,0.0000,0,0.0000,0,0.0000,0,0.0000
100,025,Currituck County,NC,CR2,0,0.0000,0,0.0000,0,0.0000,0,0.0000
100,025,Currituck County,NC,CR3,0,0.0000,0,0.0000,0,0.0000,0,0.0000
100,025,Currituck County,NC,CR4,0,0.0000,0,0.0000,1,0.1000,1,0.1000
100,025,Currituck County,NC,CR5,0,0.0000,0,0.0000,0,0.0000,0,0.0000
100,025,Currituck County,NC,WW2,1,0.0208,1,0.0208,1,0.0208,1,0.0208
100,025,Currituck County,NC,WW3,0,0.0000,0,0.0000,0,0.0000,0,0.0000
100,025,Currituck County,NC,WW4,0,0.0000,0,0.0000,0,0.0000,0,0.0000
100,050,Currituck County,NC,CR2,0,0.0000,0,0.0000,0,0.0000,0,0.0000
100,050,Currituck County,NC,CR3,0,0.0000,0,0.0000,0,0.0000,0,0.0000
100,050,Currituck County,NC,CR4,0,0.0000,0,0.0000,1,0.1000,1,0.1000
100,050,Currituck County,NC,CR5,0,0.0000,0,0.0000,0,0.0000,0,0.0000
100,050,Currituck County,NC,WW2,1,0.0208,1,0.0208,1,0.0208,1,0.0208
100,050,Currituck County,NC,WW3,0,0.0000,0,0.0000,0,0.0000,0,0.0000
100,050,Currituck County,NC,WW4,0,0.0000,0,0.0000,0,0.0000,0,0.0000
100,100,Currituck County,NC,CR2,0,0.0000,0,0.0000,0,0.0000,0,0.0000
100,100,Currituck County,NC,CR3,0,0.0000,0,0.0000,2,0.2000,2,0.2000
100,100,Currituck County,NC,CR4,0,0.0000,0,0.0000,1,0.1000,1,0.1000
100,100,Currituck County,NC,CR5,0,0.0000,0,0.0000,0,0.0000,0,0.0000
100,100,Currituck County,NC,WW2,1,0.0208,1,0.0208,1,0.0208,1,0.0208
100,100,Currituck County,NC,WW3,0,0.0000,0,0.0000,0,0.0000,0,0.0000
100,100,Currituck County,NC,WW4,0,0.0000,0,0.0000,0,0.0000,0,0.0000
100,150,Currituck County,NC,CR2,0,0.0000,0,0.0000,0,0.0000,0,0.0000
100,150,Currituck County,NC,CR3,0,0.0000,0,0.0000,2,0.2000,2,0.2000
100,150,Currituck County,NC,CR4,0,0.0000,0,0.0000,1,0.1000,1,0.1000
100,150,Currituck County,NC,CR5,0,0.0000,0,0.0000,0,0.0000,0,0.0000
100,150,Currituck County,NC,WW2,1,0.0208,1,0.0208,1,0.0208,1,0.0208
100,150,Currituck County,NC,WW3,0,0.0000,0,0.0000,0,0.0000,0,0.0000
100,150,Currituck County,NC,WW4,0,0.0000,0,0.0000,0,0.0000,0,0.0000
100,200,Currituck County,NC,CR2,0,0.0000,0,0.0000,0,0.0000,0,0.0000
100,200,Currituck County,NC,CR3,0,0.0000,0,0.0000,2,0.2000,2,0.2000
100,200,Currituck County,NC,CR4,0,0.0000,0,0.0000,1,0.1000,1,0.1000
100,200,Currituck County,NC,CR5,0,0.0000,0,0.0000,0,0.0000,0,0.0000
100,200,Currituck County,NC,WW2,1,0.0208,1,0.0208,1,0.0208,1,0.0208
100,200,Currituck County,NC,WW3,0,0.0000,0,0.0000,0,0.0000,0,0.0000
100,200,Currituck County,NC,WW4,0,0.0000,0,0.0000,0,0.0000,0,0.0000
100,300,Currituck County,NC,CR2,0,0.0000,0,0.0000,0,0.0000,0,0.0000
100,300,Currituck County,NC,CR3,0,0.0000,0,0.0000,5,0.5000,5,0.5000
100,300,Currituck County,NC,CR4,0,0.0000,0,0.0000,1,0.1000,1,0.1000
100,300,Currituck County,NC,CR5,0,0.0000,0,0.0000,0,0.0000,0,0.0000
100,300,Currituck County,NC,WW2,1,0.0208,1,0.0208,1,0.0208,8,0.1667
100,300,Currituck County,NC,WW3,0,0.0000,0,0.0000,0,0.0000,0,0.0000
100,300,Currituck County,NC,WW4,0,0.0000,0,0.0000,0,0.0000,0,0.0000
000,000,Dare County,NC,CR2,0,0.0000,0,0.0000,0,0.0000,0,0.0000
000,000,Dare County,NC,CR3,0,0.0000,0,0.0000,0,0.0000,0,0.0000
000,000,Dare County,NC,CR4,0,0.0000,0,0.0000,0,0.0000,0,0.0000
000,000,Dare County,NC,CR5,0,0.0000,0,0.0000,0,0.0000,0,0.0000
000,000,Dare County,NC,WW2,0,0.0000,0,0.0000,0,0.0000,0,0.0000
000,000,Dare County,NC,WW3,0,0.0000,0,0.0000,0,0.0000,0,0.0000
000,000,Dare County,NC,WW4,0,0.0000,0,0.0000,0,0.0000,0,0.0000
000,025,Dare County,NC,CR2,0,0.0000,0,0.0000,0,0.0000,0,0.0000
000,025,Dare County,NC,CR3,0,0.0000,0,0.0000,0,0.0000,0,0.0000
000,025,Dare County,NC,CR4,0,0.0000,0,0.0000,0,0.0000,0,0.0000
000,025,Dare County,NC,CR5,0,0.0000,0,0.0000,0,0.0000,0,0.0000
000,025,Dare County,NC,WW2,0,0.0000,0,0.0000,0,0.0000,0,0.0000
000,025,Dare County,NC,WW3,0,0.0000,0,0.0000,0,0.0000,0,0.0000
000,025,Dare County,NC,WW4,0,0.0000,0,0.0000,0,0.0000,0,0.0000
000,050,Dare County,NC,CR2,0,0.0000,0,0.0000,0,0.0000,0,0.0000
000,050,Dare County,NC,CR3,0,0.0000,0,0.0000,0,0.0000,0,0.0000
000,050,Dare County,NC,CR4,0,0.0000,0,0.0000,0,0.0000,0,0.0000
000,050,Dare County,NC,CR5,0,0.0000,0,0.0000,0,0.0000,0,0.0000
000,050,Dare County,NC,WW2,0,0.0000,0,0.0000,0,0.0000,0,0.0000
000,050,Dare County,NC,WW3,0,0.0000,0,0.0000,0,0.0000,0,0.0000
000,050,Dare County,NC,WW4,0,0.0000,0,0.0000,0,0.0000,0,0.0000
000,100,Dare County,NC,CR2,0,0.0000,0,0.0000,0,0.0000,0,0.0000
000,100,Dare County,NC,CR3,0,0.0000,0,0.0000,0,0.0000,0,0.0000
000,100,Dare County,NC,CR4,0,0.0000,0,0.0000,0,0.0000,0,0.0000
000,100,Dare County,NC,CR5,0,0.0000,0,0.0000,0,0.0000,0,0.0000
000,100,Dare County,NC,WW2,0,0.0000,0,0.0000,0,0.0000,0,0.0000
000,100,Dare County,NC,WW3,0,0.0000,0,0.0000,0,0.0000,0,0.0000
000,100,Dare County,NC,WW4,0,0.0000,0,0.0000,0,0.0000,0,0.0000
000,150,Dare County,NC,CR2,0,0.0000,0,0.0000,0,0.0000,0,0.0000
000,150,Dare County,NC,CR3,0,0.0000,0,0.0000,1,0.0625,1,0.0625
000,150,Dare County,NC,CR4,0,0.0000,0,0.0000,0,0.0000,0,0.0000
000,150,Dare County,NC,CR5,0,0.0000,0,0.0000,0,0.0000,0,0.0000
000,150,Dare County,NC,WW2,0,0.0000,0,0.0000,7,0.1944,7,0.1944
000,150,Dare County,NC,WW3,0,0.0000,0,0.0000,0,0.0000,0,0.0000
000,150,Dare County,NC,WW4,0,0.0000,0,0.0000,0,0.0000,0,0.0000
000,200,Dare County,NC,CR2,0,0.0000,0,0.0000,3,0.3333,3,0.3333
000,200,Dare County,NC,CR3,0,0.0000,0,0.0000,2,0.1250,2,0.1250
000,200,Dare County,NC,CR4,0,0.0000,0,0.0000,0,0.0000,0,0.0000
000,200,Dare County,NC,CR5,0,0.0000,0,0.0000,0,0.0000,0,0.0000
000,200,Dare County,NC,WW2,0,0.0000,0,0.0000,7,0.1944,7,0.1944
000,200,Dare County,NC,WW3,0,0.0000,0,0.0000,0,0.0000,0,0.0000
000,200,Dare County,NC,WW4,0,0.0000,0,0.0000,0,0.0000,0,0.0000
000,300,Dare County,NC,CR2,0,0.0000,0,0.0000,4,0.4444,4,0.4444
000,300,Dare County,NC,CR3,0,0.0000,0,0.0000,5,0.3125,5,0.3125
000,300,Dare County,NC,CR4,0,0.0000,0,0.0000,2,0.2222,2,0.2222
000,300,Dare County,NC,CR5,0,0.0000,0,0.0000,0,0.0000,1,1.0000
000,300,Dare County,NC,WW2,0,0.0000,0,0.0000,7,0.1944,7,0.1944
000,300,Dare County,NC,WW3,0,0.0000,0,0.0000,0,0.0000,0,0.0000
000,300,Dare County,NC,WW4,0,0.0000,0,0.0000,0,0.0000,0,0.0000
100,000,Dare County,NC,CR2,0,0.0000,0,0.0000,0,0.0000,0,0.0000
100,000,Dare County,NC,CR3,0,0.0000,0,0.0000,0,0.0000,0,0.0000
100,000,Dare County,NC,CR4,0,0.0000,0,0.0000,0,0.0000,0,0.0000
100,000,Dare County,NC,CR5,0,0.0000,0,0.0000,0,0.0000,0,0.0000
100,000,Dare County,NC,WW2,0,0.0000,0,0.0000,0,0.0000,0,0.0000
100,000,Dare County,NC,WW3,0,0.0000,0,0.0000,0,0.0000,0,0.0000
100,000,Dare County,NC,WW4,0,0.0000,0,0.0000,0,0.0000,0,0.0000
100,025,Dare County,NC,CR2,0,0.0000,0,0.0000,0,0.0000,0,0.0000
100,025,Dare County,NC,CR3,0,0.0000,0,0.0000,0,0.0000,0,0.0000
100,025,Dare County,NC,CR4,0,0.0000,0,0.0000,0,0.0000,0,0.0000
100,025,Dare County,NC,CR5,0,0.0000,0,0.0000,0,0.0000,0,0.0000
100,025,Dare County,NC,WW2,0,0.0000,0,0.0000,0,0.0000,0,0.0000
100,025,Dare County,NC,WW3,0,0.0000,0,0.0000,0,0.0000,0,0.0000
100,025,Dare County,NC,WW4,0,0.0000,0,0.0000,0,0.0000,0,0.0000
100,050,Dare County,NC,CR2,0,0.0000,0,0.0000,0,0.0000,0,0.0000
100,050,Dare County,NC,CR3,0,0.0000,0,0.0000,0,0.0000,0,0.0000
100,050,Dare County,NC,CR4,0,0.0000,0,0.0000,0,0.0000,0,0.0000
100,050,Dare County,NC,CR5,0,0.0000,0,0.0000,0,0.0000,0,0.0000
100,050,Dare County,NC,WW2,0,0.0000,0,0.0000,0,0.0000,0,0.0000
100,050,Dare County,NC,WW3,0,0.0000,0,0.0000,0,0.0000,0,0.0000
100,050,Dare County,NC,WW4,0,0.0000,0,0.0000,0,0.0000,0,0.0000
100,100,Dare County,NC,CR2,0,0.0000,0,0.0000,0,0.0000,0,0.0000
100,100,Dare County,NC,CR3,0,0.0000,0,0.0000,0,0.0000,0,0.0000
100,100,Dare County,NC,CR4,0,0.0000,0,0.0000,0,0.0000,0,0.0000
100,100,Dare County,NC,CR5,0,0.0000,0,0.0000,0,0.0000,0,0.0000
100,100,Dare County,NC,WW2,0,0.0000,0,0.0000,0,0.0000,0,0.0000
100,100,Dare County,NC,WW3,0,0.0000,0,0.0000,0,0.0000,0,0.0000
100,100,Dare County,NC,WW4,0,0.0000,0,0.0000,0,0.0000,0,0.0000
100,150,Dare County,NC,CR2,0,0.0000,0,0.0000,0,0.0000,0,0.0000
100,150,Dare County,NC,CR3,0,0.0000,0,0.0000,1,0.0625,1,0.0625
100,150,Dare County,NC,CR4,0,0.0000,0,0.0000,0,0.0000,0,0.0000
100,150,Dare County,NC,CR5,0,0.0000,0,0.0000,0,0.0000,0,0.0000
100,150,Dare County,NC,WW2,0,0.0000,0,0.0000,7,0.1944,7,0.1944
100,150,Dare County,NC,WW3,0,0.0000,0,0.0000,0,0.0000,0,0.0000
100,150,Dare County,NC,WW4,0,0.0000,0,0.0000,0,0.0000,0,0.0000
100,200,Dare County,NC,CR2,0,0.0000,0,0.0000,3,0.3333,3,0.3333
100,200,Dare County,NC,CR3,0,0.0000,0,0.0000,2,0.1250,2,0.1250
100,200,Dare County,NC,CR4,0,0.0000,0,0.0000,0,0.0000,0,0.0000
100,200,Dare County,NC,CR5,0,0.0000,0,0.0000,0,0.0000,0,0.0000
100,200,Dare County,NC,WW2,0,0.0000,0,0.0000,7,0.1944,7,0.1944
100,200,Dare County,NC,WW3,0,0.0000,0,0.0000,0,0.0000,0,0.0000
100,200,Dare County,NC,WW4,0,0.0000,0,0.0000,0,0.0000,0,0.0000
100,300,Dare County,NC,CR2,0,0.0000,0,0.0000,4,0.4444,4,0.4444
100,300,Dare County,NC,CR3,0,0.0000,0,0.0000,5,0.3125,5,0.3125
100,300,Dare County,NC,CR4,0,0.0000,0,0.0000,2,0.2222,2,0.2222
100,300,Dare County,NC,CR5,0,0.0000,0,0.0000,0,0.0000,1,1.0000
100,300,Dare County,NC,WW2,0,0.0000,0,0.0000,7,0.1944,7,0.1944
100,300,Dare County,NC,WW3,0,0.0000,0,0.0000,0,0.0000,0,0.0000
100,300,Dare County,NC,WW4,0,0.0000,0,0.0000,0,0.0000,0,0.0000
000,000,Hyde County,NC,CR2,0,0.0000,0,0.0000,0,0.0000,0,0.0000
000,000,Hyde County,NC,CR3,0,0.0000,0,0.0000,0,0.0000,0,0.0000
000,000,Hyde County,NC,CR4,0,0.0000,0,0.0000,0,0.0000,0,0.0000
000,000,Hyde County,NC,CR5,0,0.0000,0,0.0000,0,0.0000,0,0.0000
000,000,Hyde County,NC,WW2,0,0.0000,0,0.0000,0,0.0000,0,0.0000
000,000,Hyde County,NC,WW3,0,0.0000,0,0.0000,0,0.0000,0,0.0000
000,000,Hyde County,NC,WW4,0,0.0000,0,0.0000,0,0.0000,0,0.0000
000,025,Hyde County,NC,CR2,0,0.0000,0,0.0000,0,0.0000,0,0.0000
000,025,Hyde County,NC,CR3,0,0.0000,0,0.0000,0,0.0000,0,0.0000
000,025,Hyde County,NC,CR4,0,0.0000,0,0.0000,0,0.0000,0,0.0000
000,025,Hyde County,NC,CR5,0,0.0000,0,0.0000,0,0.0000,0,0.0000
000,025,Hyde County,NC,WW2,0,0.0000,0,0.0000,0,0.0000,0,0.0000
000,025,Hyde County,NC,WW3,0,0.0000,0,0.0000,0,0.0000,0,0.0000
000,025,Hyde County,NC,WW4,0,0.0000,0,0.0000,0,0.0000,0,0.0000
000,050,Hyde County,NC,CR2,0,0.0000,0,0.0000,0,0.0000,0,0.0000
000,050,Hyde County,NC,CR3,0,0.0000,0,0.0000,0,0.0000,0,0.0000
000,050,Hyde County,NC,CR4,0,0.0000,0,0.0000,0,0.0000,0,0.0000
000,050,Hyde County,NC,CR5,0,0.0000,0,0.0000,0,0.0000,0,0.0000
000,050,Hyde County,NC,WW2,0,0.0000,0,0.0000,0,0.0000,0,0.0000
000,050,Hyde County,NC,WW3,0,0.0000,0,0.0000,0,0.0000,0,0.0000
000,050,Hyde County,NC,WW4,0,0.0000,0,0.0000,0,0.0000,0,0.0000
000,100,Hyde County,NC,CR2,0,0.0000,0,0.0000,0,0.0000,0,0.0000
000,100,Hyde County,NC,CR3,0,0.0000,0,0.0000,0,0.0000,0,0.0000
000,100,Hyde County,NC,CR4,0,0.0000,0,0.0000,0,0.0000,0,0.0000
000,100,Hyde County,NC,CR5,0,0.0000,0,0.0000,0,0.0000,0,0.0000
000,100,Hyde County,NC,WW2,0,0.0000,0,0.0000,0,0.0000,0,0.0000
000,100,Hyde County,NC,WW3,0,0.0000,0,0.0000,0,0.0000,0,0.0000
000,100,Hyde County,NC,WW4,0,0.0000,0,0.0000,0,0.0000,0,0.0000
000,150,Hyde County,NC,CR2,0,0.0000,0,0.0000,0,0.0000,0,0.0000
000,150,Hyde County,NC,CR3,0,0.0000,0,0.0000,0,0.0000,0,0.0000
000,150,Hyde County,NC,CR4,0,0.0000,0,0.0000,0,0.0000,0,0.0000
000,150,Hyde County,NC,CR5,0,0.0000,0,0.0000,0,0.0000,0,0.0000
000,150,Hyde County,NC,WW2,0,0.0000,0,0.0000,0,0.0000,0,0.0000
000,150,Hyde County,NC,WW3,0,0.0000,0,0.0000,0,0.0000,0,0.0000
000,150,Hyde County,NC,WW4,0,0.0000,0,0.0000,0,0.0000,0,0.0000
000,200,Hyde County,NC,CR2,0,0.0000,0,0.0000,0,0.0000,0,0.0000
000,200,Hyde County,NC,CR3,0,0.0000,0,0.0000,0,0.0000,0,0.0000
000,200,Hyde County,NC,CR4,0,0.0000,0,0.0000,0,0.0000,0,0.0000
000,200,Hyde County,NC,CR5,0,0.0000,0,0.0000,0,0.0000,0,0.0000
000,200,Hyde County,NC,WW2,0,0.0000,0,0.0000,0,0.0000,0,0.0000
000,200,Hyde County,NC,WW3,0,0.0000,0,0.0000,0,0.0000,0,0.0000
000,200,Hyde County,NC,WW4,0,0.0000,0,0.0000,0,0.0000,0,0.0000
000,300,Hyde County,NC,CR2,0,0.0000,0,0.0000,0,0.0000,0,0.0000
000,300,Hyde County,NC,CR3,0,0.0000,0,0.0000,0,0.0000,0,0.0000
000,300,Hyde County,NC,CR4,0,0.0000,0,0.0000,0,0.0000,0,0.0000
000,300,Hyde County,NC,CR5,0,0.0000,0,0.0000,0,0.0000,0,0.0000
000,300,Hyde County,NC,WW2,0,0.0000,0,0.0000,0,0.0000,0,0.0000
000,300,Hyde County,NC,WW3,0,0.0000,0,0.0000,0,0.0000,0,0.0000
000,300,Hyde County,NC,WW4,0,0.0000,0,0.0000,0,0.0000,0,0.0000
100,000,Hyde County,NC,CR2,0,0.0000,0,0.0000,0,0.0000,0,0.0000
100,000,Hyde County,NC,CR3,0,0.0000,0,0.0000,0,0.0000,0,0.0000
100,000,Hyde County,NC,CR4,0,0.0000,0,0.0000,0,0.0000,0,0.0000
100,000,Hyde County,NC,CR5,0,0.0000,0,0.0000,0,0.0000,0,0.0000
100,000,Hyde County,NC,WW2,0,0.0000,0,0.0000,0,0.0000,0,0.0000
100,000,Hyde County,NC,WW3,0,0.0000,0,0.0000,0,0.0000,0,0.0000
100,000,Hyde County,NC,WW4,0,0.0000,0,0.0000,0,0.0000,0,0.0000
100,025,Hyde County,NC,CR2,0,0.0000,0,0.0000,0,0.0000,0,0.0000
100,025,Hyde County,NC,CR3,0,0.0000,0,0.0000,0,0.0000,0,0.0000
100,025,Hyde County,NC,CR4,0,0.0000,0,0.0000,0,0.0000,0,0.0000
100,025,Hyde County,NC,CR5,0,0.0000,0,0.0000,0,0.0000,0,0.0000
100,025,Hyde County,NC,WW2,0,0.0000,0,0.0000,0,0.0000,0,0.0000
100,025,Hyde County,NC,WW3,0,0.0000,0,0.0000,0,0.0000,0,0.0000
100,025,Hyde County,NC,WW4,0,0.0000,0,0.0000,0,0.0000,0,0.0000
100,050,Hyde County,NC,CR2,0,0.0000,0,0.0000,0,0.0000,0,0.0000
100,050,Hyde County,NC,CR3,0,0.0000,0,0.0000,0,0.0000,0,0.0000
100,050,Hyde County,NC,CR4,0,0.0000,0,0.0000,0,0.0000,0,0.0000
100,050,Hyde County,NC,CR5,0,0.0000,0,0.0000,0,0.0000,0,0.0000
100,050,Hyde County,NC,WW2,0,0.0000,0,0.0000,0,0.0000,0,0.0000
100,050,Hyde County,NC,WW3,0,0.0000,0,0.0000,0,0.0000,0,0.0000
100,050,Hyde County,NC,WW4,0,0.0000,0,0.0000,0,0.0000,0,0.0000
100,100,Hyde County,NC,CR2,0,0.0000,0,0.0000,0,0.0000,0,0.0000
100,100,Hyde County,NC,CR3,0,0.0000,0,0.0000,0,0.0000,0,0.0000
100,100,Hyde County,NC,CR4,0,0.0000,0,0.0000,0,0.0000,0,0.0000
100,100,Hyde County,NC,CR5,0,0.0000,0,0.0000,0,0.0000,0,0.0000
100,100,Hyde County,NC,WW2,0,0.0000,0,0.0000,0,0.0000,0,0.0000
100,100,Hyde County,NC,WW3,0,0.0000,0,0.0000,0,0.0000,0,0.0000
100,100,Hyde County,NC,WW4,0,0.0000,0,0.0000,0,0.0000,0,0.0000
100,150,Hyde County,NC,CR2,0,0.0000,0,0.0000,0,0.0000,0,0.0000
100,150,Hyde County,NC,CR3,0,0.0000,0,0.0000,0,0.0000,0,0.0000
100,150,Hyde County,NC,CR4,0,0.0000,0,0.0000,0,0.0000,0,0.0000
100,150,Hyde County,NC,CR5,0,0.0000,0,0.0000,0,0.0000,0,0.0000
100,150,Hyde County,NC,WW2,0,0.0000,0,0.0000,0,0.0000,0,0.0000
100,150,Hyde County,NC,WW3,0,0.0000,0,0.0000,0,0.0000,0,0.0000
100,150,Hyde County,NC,WW4,0,0.0000,0,0.0000,0,0.0000,0,0.0000
100,200,Hyde County,NC,CR2,0,0.0000,0,0.0000,0,0.0000,0,0.0000
100,200,Hyde County,NC,CR3,0,0.0000,0,0.0000,0,0.0000,0,0.0000
100,200,Hyde County,NC,CR4,0,0.0000,0,0.0000,0,0.0000,0,0.0000
100,200,Hyde County,NC,CR5,0,0.0000,0,0.0000,0,0.0000,0,0.0000
100,200,Hyde County,NC,WW2,0,0.0000,0,0.0000,0,0.0000,0,0.0000
100,200,Hyde County,NC,WW3,0,0.0000,0,0.0000,0,0.0000,0,0.0000
100,200,Hyde County,NC,WW4,0,0.0000,0,0.0000,0,0.0000,0,0.0000
100,300,Hyde County,NC,CR2,0,0.0000,0,0.0000,0,0.0000,0,0.0000
100,300,Hyde County,NC,CR3,0,0.0000,0,0.0000,0,0.0000,0,0.0000
100,300,Hyde County,NC,CR4,0,0.0000,0,0.0000,0,0.0000,0,0.0000
100,300,Hyde County,NC,CR5,0,0.0000,0,0.0000,0,0.0000,0,0.0000
100,300,Hyde County,NC,WW2,0,0.0000,0,0.0000,0,0.0000,0,0.0000
100,300,Hyde County,NC,WW3,0,0.0000,0,0.0000,0,0.0000,0,0.0000
100,300,Hyde County,NC,WW4,0,0.0000,0,0.0000,0,0.0000,0,0.0000
000,000,New Hanover County,NC,CR2,0,0.0000,0,0.0000,0,0.0000,0,0.0000
000,000,New Hanover County,NC,CR3,0,0.0000,0,0.0000,0,0.0000,0,0.0000
000,000,New Hanover County,NC,CR4,0,0.0000,0,0.0000,0,0.0000,0,0.0000
000,000,New Hanover County,NC,CR5,0,0.0000,0,0.0000,0,0.0000,0,0.0000
000,000,New Hanover County,NC,WW2,0,0.0000,0,0.0000,0,0.0000,0,0.0000
000,000,New Hanover County,NC,WW3,0,0.0000,0,0.0000,0,0.0000,0,0.0000
000,000,New Hanover County,NC,WW4,0,0.0000,0,0.0000,0,0.0000,0,0.0000
000,025,New Hanover County,NC,CR2,0,0.0000,0,0.0000,0,0.0000,0,0.0000
000,025,New Hanover County,NC,CR3,0,0.0000,0,0.0000,0,0.0000,0,0.0000
000,025,New Hanover County,NC,CR4,0,0.0000,0,0.0000,0,0.0000,0,0.0000
000,025,New Hanover County,NC,CR5,0,0.0000,0,0.0000,0,0.0000,0,0.0000
000,025,New Hanover County,NC,WW2,0,0.0000,0,0.0000,0,0.0000,0,0.0000
000,025,New Hanover County,NC,WW3,0,0.0000,0,0.0000,0,0.0000,0,0.0000
000,025,New Hanover County,NC,WW4,0,0.0000,0,0.0000,0,0.0000,0,0.0000
000,050,New Hanover County,NC,CR2,0,0.0000,0,0.0000,0,0.0000,0,0.0000
000,050,New Hanover County,NC,CR3,0,0.0000,0,0.0000,0,0.0000,0,0.0000
000,050,New Hanover County,NC,CR4,0,0.0000,0,0.0000,0,0.0000,0,0.0000
000,050,New Hanover County,NC,CR5,0,0.0000,0,0.0000,0,0.0000,0,0.0000
000,050,New Hanover County,NC,WW2,0,0.0000,0,0.0000,0,0.0000,0,0.0000
000,050,New Hanover County,NC,WW3,0,0.0000,0,0.0000,0,0.0000,0,0.0000
000,050,New Hanover County,NC,WW4,0,0.0000,0,0.0000,0,0.0000,0,0.0000
000,100,New Hanover County,NC,CR2,0,0.0000,0,0.0000,0,0.0000,0,0.0000
000,100,New Hanover County,NC,CR3,0,0.0000,0,0.0000,0,0.0000,0,0.0000
000,100,New Hanover County,NC,CR4,0,0.0000,0,0.0000,0,0.0000,0,0.0000
000,100,New Hanover County,NC,CR5,0,0.0000,0,0.0000,0,0.0000,0,0.0000
000,100,New Hanover County,NC,WW2,0,0.0000,0,0.0000,0,0.0000,0,0.0000
000,100,New Hanover County,NC,WW3,0,0.0000,0,0.0000,0,0.0000,0,0.0000
000,100,New Hanover County,NC,WW4,0,0.0000,0,0.0000,0,0.0000,0,0.0000
000,150,New Hanover County,NC,CR2,0,0.0000,0,0.0000,0,0.0000,0,0.0000
000,150,New Hanover County,NC,CR3,0,0.0000,0,0.0000,0,0.0000,0,0.0000
000,150,New Hanover County,NC,CR4,0,0.0000,0,0.0000,0,0.0000,0,0.0000
000,150,New Hanover County,NC,CR5,0,0.0000,0,0.0000,0,0.0000,0,0.0000
000,150,New Hanover County,NC,WW2,0,0.0000,0,0.0000,2,0.0328,4,0.0656
000,150,New Hanover County,NC,WW3,0,0.0000,0,0.0000,0,0.0000,0,0.0000
000,150,New Hanover County,NC,WW4,0,0.0000,0,0.0000,0,0.0000,0,0.0000
000,200,New Hanover County,NC,CR2,0,0.0000,0,0.0000,0,0.0000,0,0.0000
000,200,New Hanover County,NC,CR3,0,0.0000,0,0.0000,0,0.0000,0,0.0000
000,200,New Hanover County,NC,CR4,0,0.0000,0,0.0000,0,0.0000,0,0.0000
000,200,New Hanover County,NC,CR5,0,0.0000,0,0.0000,0,0.0000,0,0.0000
000,200,New Hanover County,NC,WW2,0,0.0000,0,0.0000,3,0.0492,5,0.0820
000,200,New Hanover County,NC,WW3,0,0.0000,0,0.0000,0,0.0000,0,0.0000
000,200,New Hanover County,NC,WW4,0,0.0000,0,0.0000,0,0.0000,0,0.0000
000,300,New Hanover County,NC,CR2,0,0.0000,0,0.0000,0,0.0000,0,0.0000
000,300,New Hanover County,NC,CR3,0,0.0000,0,0.0000,0,0.0000,0,0.0000
000,300,New Hanover County,NC,CR4,0,0.0000,0,0.0000,0,0.0000,0,0.0000
000,300,New Hanover County,NC,CR5,0,0.0000,0,0.0000,0,0.0000,0,0.0000
000,300,New Hanover County,NC,WW2,0,0.0000,0,0.0000,10,0.1639,11,0.1803
000,300,New Hanover County,NC,WW3,0,0.0000,0,0.0000,0,0.0000,0,0.0000
000,300,New Hanover County,NC,WW4,0,0.0000,0,0.0000,0,0.0000,0,0.0000
100,000,New Hanover County,NC,CR2,0,0.0000,0,0.0000,0,0.0000,0,0.0000
100,000,New Hanover County,NC,CR3,0,0.0000,0,0.0000,0,0.0000,0,0.0000
100,000,New Hanover County,NC,CR4,0,0.0000,0,0.0000,0,0.0000,0,0.0000
100,000,New Hanover County,NC,CR5,0,0.0000,0,0.0000,0,0.0000,0,0.0000
100,000,New Hanover County,NC,WW2,0,0.0000,0,0.0000,0,0.0000,0,0.0000
100,000,New Hanover County,NC,WW3,0,0.0000,0,0.0000,0,0.0000,0,0.0000
100,000,New Hanover County,NC,WW4,0,0.0000,0,0.0000,0,0.0000,0,0.0000
100,025,New Hanover County,NC,CR2,0,0.0000,0,0.0000,0,0.0000,0,0.0000
100,025,New Hanover County,NC,CR3,0,0.0000,0,0.0000,0,0.0000,0,0.0000
100,025,New Hanover County,NC,CR4,0,0.0000,0,0.0000,0,0.0000,0,0.0000
100,025,New Hanover County,NC,CR5,0,0.0000,0,0.0000,0,0.0000,0,0.0000
100,025,New Hanover County,NC,WW2,0,0.0000,0,0.0000,0,0.0000,0,0.0000
100,025,New Hanover County,NC,WW3,0,0.0000,0,0.0000,0,0.0000,0,0.0000
100,025,New Hanover County,NC,WW4,0,0.0000,0,0.0000,0,0.0000,0,0.0000
100,050,New Hanover County,NC,CR2,0,0.0000,0,0.0000,0,0.0000,0,0.0000
100,050,New Hanover County,NC,CR3,0,0.0000,0,0.0000,0,0.0000,0,0.0000
100,050,New Hanover County,NC,CR4,0,0.0000,0,0.0000,0,0.0000,0,0.0000
100,050,New Hanover County,NC,CR5,0,0.0000,0,0.0000,0,0.0000,0,0.0000
100,050,New Hanover County,NC,WW2,0,0.0000,0,0.0000,0,0.0000,0,0.0000
100,050,New Hanover County,NC,WW3,0,0.0000,0,0.0000,0,0.0000,0,0.0000
100,050,New Hanover County,NC,WW4,0,0.0000,0,0.0000,0,0.0000,0,0.0000
100,100,New Hanover County,NC,CR2,0,0.0000,0,0.0000,0,0.0000,0,0.0000
100,100,New Hanover County,NC,CR3,0,0.0000,0,0.0000,0,0.0000,0,0.0000
100,100,New Hanover County,NC,CR4,0,0.0000,0,0.0000,0,0.0000,0,0.0000
100,100,New Hanover County,NC,CR5,0,0.0000,0,0.0000,0,0.0000,0,0.0000
100,100,New Hanover County,NC,WW2,0,0.0000,0,0.0000,0,0.0000,0,0.0000
100,100,New Hanover County,NC,WW3,0,0.0000,0,0.0000,0,0.0000,0,0.0000
100,100,New Hanover County,NC,WW4,0,0.0000,0,0.0000,0,0.0000,0,0.0000
100,150,New Hanover County,NC,CR2,0,0.0000,0,0.0000,0,0.0000,0,0.0000
100,150,New Hanover County,NC,CR3,0,0.0000,0,0.0000,0,0.0000,0,0.0000
100,150,New Hanover County,NC,CR4,0,0.0000,0,0.0000,0,0.0000,0,0.0000
100,150,New Hanover County,NC,CR5,0,0.0000,0,0.0000,0,0.0000,0,0.0000
100,150,New Hanover County,NC,WW2,0,0.0000,0,0.0000,2,0.0328,4,0.0656
100,150,New Hanover County,NC,WW3,0,0.0000,0,0.0000,0,0.0000,0,0.0000
100,150,New Hanover County,NC,WW4,0,0.0000,0,0.0000,0,0.0000,0,0.0000
100,200,New Hanover County,NC,CR2,0,0.0000,0,0.0000,0,0.0000,0,0.0000
100,200,New Hanover County,NC,CR3,0,0.0000,0,0.0000,0,0.0000,0,0.0000
100,200,New Hanover County,NC,CR4,0,0.0000,0,0.0000,0,0.0000,0,0.0000
100,200,New Hanover County,NC,CR5,0,0.0000,0,0.0000,0,0.0000,0,0.0000
100,200,New Hanover County,NC,WW2,0,0.0000,0,0.0000,5,0.0820,5,0.0820
100,200,New Hanover County,NC,WW3,0,0.0000,0,0.0000,0,0.0000,0,0.0000
100,200,New Hanover County,NC,WW4,0,0.0000,0,0.0000,0,0.0000,0,0.0000
100,300,New Hanover County,NC,CR2,0,0.0000,0,0.0000,0,0.0000,0,0.0000
100,300,New Hanover County,NC,CR3,0,0.0000,0,0.0000,0,0.0000,0,0.0000
100,300,New Hanover County,NC,CR4,0,0.0000,0,0.0000,0,0.0000,0,0.0000
100,300,New Hanover County,NC,CR5,0,0.0000,0,0.0000,0,0.0000,0,0.0000
100,300,New Hanover County,NC,WW2,0,0.0000,0,0.0000,10,0.1639,11,0.1803
100,300,New Hanover County,NC,WW3,0,0.0000,0,0.0000,0,0.0000,0,0.0000
100,300,New Hanover County,NC,WW4,0,0.0000,0,0.0000,0,0.0000,0,0.0000
000,000,Onslow County,NC,CR2,0,0.0000,0,0.0000,0,0.0000,0,0.0000
000,000,Onslow County,NC,CR3,0,0.0000,0,0.0000,0,0.0000,0,0.0000
000,000,Onslow County,NC,CR4,0,0.0000,0,0.0000,0,0.0000,0,0.0000
000,000,Onslow County,NC,CR5,0,0.0000,0,0.0000,0,0.0000,0,0.0000
000,000,Onslow County,NC,WW2,0,0.0000,0,0.0000,0,0.0000,0,0.0000
000,000,Onslow County,NC,WW3,0,0.0000,0,0.0000,0,0.0000,0,0.0000
000,000,Onslow County,NC,WW4,0,0.0000,0,0.0000,0,0.0000,0,0.0000
000,025,Onslow County,NC,CR2,0,0.0000,0,0.0000,0,0.0000,0,0.0000
000,025,Onslow County,NC,CR3,0,0.0000,0,0.0000,0,0.0000,0,0.0000
000,025,Onslow County,NC,CR4,0,0.0000,0,0.0000,0,0.0000,0,0.0000
000,025,Onslow County,NC,CR5,0,0.0000,0,0.0000,0,0.0000,0,0.0000
000,025,Onslow County,NC,WW2,0,0.0000,0,0.0000,0,0.0000,0,0.0000
000,025,Onslow County,NC,WW3,0,0.0000,0,0.0000,0,0.0000,0,0.0000
000,025,Onslow County,NC,WW4,0,0.0000,0,0.0000,0,0.0000,0,0.0000
000,050,Onslow County,NC,CR2,0,0.0000,0,0.0000,0,0.0000,0,0.0000
000,050,Onslow County,NC,CR3,0,0.0000,0,0.0000,0,0.0000,0,0.0000
000,050,Onslow County,NC,CR4,0,0.0000,0,0.0000,0,0.0000,0,0.0000
000,050,Onslow County,NC,CR5,0,0.0000,0,0.0000,0,0.0000,0,0.0000
000,050,Onslow County,NC,WW2,0,0.0000,0,0.0000,0,0.0000,0,0.0000
000,050,Onslow County,NC,WW3,0,0.0000,0,0.0000,0,0.0000,0,0.0000
000,050,Onslow County,NC,WW4,0,0.0000,0,0.0000,0,0.0000,0,0.0000
000,100,Onslow County,NC,CR2,0,0.0000,0,0.0000,0,0.0000,0,0.0000
000,100,Onslow County,NC,CR3,0,0.0000,0,0.0000,0,0.0000,0,0.0000
000,100,Onslow County,NC,CR4,0,0.0000,0,0.0000,0,0.0000,0,0.0000
000,100,Onslow County,NC,CR5,0,0.0000,0,0.0000,0,0.0000,0,0.0000
000,100,Onslow County,NC,WW2,0,0.0000,0,0.0000,0,0.0000,0,0.0000
000,100,Onslow County,NC,WW3,0,0.0000,0,0.0000,0,0.0000,0,0.0000
000,100,Onslow County,NC,WW4,0,0.0000,0,0.0000,0,0.0000,0,0.0000
000,150,Onslow County,NC,CR2,0,0.0000,0,0.0000,0,0.0000,0,0.0000
000,150,Onslow County,NC,CR3,0,0.0000,0,0.0000,0,0.0000,0,0.0000
000,150,Onslow County,NC,CR4,0,0.0000,0,0.0000,0,0.0000,0,0.0000
000,150,Onslow County,NC,CR5,0,0.0000,0,0.0000,0,0.0000,0,0.0000
000,150,Onslow County,NC,WW2,0,0.0000,0,0.0000,0,0.0000,0,0.0000
000,150,Onslow County,NC,WW3,0,0.0000,0,0.0000,0,0.0000,0,0.0000
000,150,Onslow County,NC,WW4,0,0.0000,0,0.0000,0,0.0000,0,0.0000
000,200,Onslow County,NC,CR2,0,0.0000,0,0.0000,0,0.0000,0,0.0000
000,200,Onslow County,NC,CR3,0,0.0000,0,0.0000,2,0.1053,2,0.1053
000,200,Onslow County,NC,CR4,0,0.0000,0,0.0000,0,0.0000,0,0.0000
000,200,Onslow County,NC,CR5,0,0.0000,0,0.0000,0,0.0000,0,0.0000
000,200,Onslow County,NC,WW2,0,0.0000,0,0.0000,0,0.0000,0,0.0000
000,200,Onslow County,NC,WW3,0,0.0000,0,0.0000,0,0.0000,0,0.0000
000,200,Onslow County,NC,WW4,0,0.0000,0,0.0000,0,0.0000,0,0.0000
000,300,Onslow County,NC,CR2,0,0.0000,0,0.0000,0,0.0000,0,0.0000
000,300,Onslow County,NC,CR3,0,0.0000,0,0.0000,2,0.1053,2,0.1053
000,300,Onslow County,NC,CR4,0,0.0000,0,0.0000,0,0.0000,0,0.0000
000,300,Onslow County,NC,CR5,0,0.0000,0,0.0000,0,0.0000,0,0.0000
000,300,Onslow County,NC,WW2,0,0.0000,0,0.0000,0,0.0000,0,0.0000
000,300,Onslow County,NC,WW3,0,0.0000,0,0.0000,0,0.0000,0,0.0000
000,300,Onslow County,NC,WW4,0,0.0000,0,0.0000,0,0.0000,0,0.0000
100,000,Onslow County,NC,CR2,0,0.0000,0,0.0000,0,0.0000,0,0.0000
100,000,Onslow County,NC,CR3,0,0.0000,0,0.0000,0,0.0000,0,0.0000
100,000,Onslow County,NC,CR4,0,0.0000,0,0.0000,0,0.0000,0,0.0000
100,000,Onslow County,NC,CR5,0,0.0000,0,0.0000,0,0.0000,0,0.0000
100,000,Onslow County,NC,WW2,0,0.0000,0,0.0000,0,0.0000,0,0.0000
100,000,Onslow County,NC,WW3,0,0.0000,0,0.0000,0,0.0000,0,0.0000
100,000,Onslow County,NC,WW4,0,0.0000,0,0.0000,0,0.0000,0,0.0000
100,025,Onslow County,NC,CR2,0,0.0000,0,0.0000,0,0.0000,0,0.0000
100,025,Onslow County,NC,CR3,0,0.0000,0,0.0000,0,0.0000,0,0.0000
100,025,Onslow County,NC,CR4,0,0.0000,0,0.0000,0,0.0000,0,0.0000
100,025,Onslow County,NC,CR5,0,0.0000,0,0.0000,0,0.0000,0,0.0000
100,025,Onslow County,NC,WW2,0,0.0000,0,0.0000,0,0.0000,0,0.0000
100,025,Onslow County,NC,WW3,0,0.0000,0,0.0000,0,0.0000,0,0.0000
100,025,Onslow County,NC,WW4,0,0.0000,0,0.0000,0,0.0000,0,0.0000
100,050,Onslow County,NC,CR2,0,0.0000,0,0.0000,0,0.0000,0,0.0000
100,050,Onslow County,NC,CR3,0,0.0000,0,0.0000,0,0.0000,0,0.0000
100,050,Onslow County,NC,CR4,0,0.0000,0,0.0000,0,0.0000,0,0.0000
100,050,Onslow County,NC,CR5,0,0.0000,0,0.0000,0,0.0000,0,0.0000
100,050,Onslow County,NC,WW2,0,0.0000,0,0.0000,0,0.0000,0,0.0000
100,050,Onslow County,NC,WW3,0,0.0000,0,0.0000,0,0.0000,0,0.0000
100,050,Onslow County,NC,WW4,0,0.0000,0,0.0000,0,0.0000,0,0.0000
100,100,Onslow County,NC,CR2,0,0.0000,0,0.0000,0,0.0000,0,0.0000
100,100,Onslow County,NC,CR3,0,0.0000,0,0.0000,0,0.0000,0,0.0000
100,100,Onslow County,NC,CR4,0,0.0000,0,0.0000,0,0.0000,0,0.0000
100,100,Onslow County,NC,CR5,0,0.0000,0,0.0000,0,0.0000,0,0.0000
100,100,Onslow County,NC,WW2,0,0.0000,0,0.0000,0,0.0000,0,0.0000
100,100,Onslow County,NC,WW3,0,0.0000,0,0.0000,0,0.0000,0,0.0000
100,100,Onslow County,NC,WW4,0,0.0000,0,0.0000,0,0.0000,0,0.0000
100,150,Onslow County,NC,CR2,0,0.0000,0,0.0000,0,0.0000,0,0.0000
100,150,Onslow County,NC,CR3,0,0.0000,0,0.0000,0,0.0000,0,0.0000
100,150,Onslow County,NC,CR4,0,0.0000,0,0.0000,0,0.0000,0,0.0000
100,150,Onslow County,NC,CR5,0,0.0000,0,0.0000,0,0.0000,0,0.0000
100,150,Onslow County,NC,WW2,0,0.0000,0,0.0000,0,0.0000,0,0.0000
100,150,Onslow County,NC,WW3,0,0.0000,0,0.0000,0,0.0000,0,0.0000
100,150,Onslow County,NC,WW4,0,0.0000,0,0.0000,0,0.0000,0,0.0000
100,200,Onslow County,NC,CR2,0,0.0000,0,0.0000,0,0.0000,0,0.0000
100,200,Onslow County,NC,CR3,0,0.0000,0,0.0000,2,0.1053,2,0.1053
100,200,Onslow County,NC,CR4,0,0.0000,0,0.0000,0,0.0000,0,0.0000
100,200,Onslow County,NC,CR5,0,0.0000,0,0.0000,0,0.0000,0,0.0000
100,200,Onslow County,NC,WW2,0,0.0000,0,0.0000,0,0.0000,0,0.0000
100,200,Onslow County,NC,WW3,0,0.0000,0,0.0000,0,0.0000,0,0.0000
100,200,Onslow County,NC,WW4,0,0.0000,0,0.0000,0,0.0000,0,0.0000
100,300,Onslow County,NC,CR2,0,0.0000,0,0.0000,0,0.0000,0,0.0000
100,300,Onslow County,NC,CR3,0,0.0000,0,0.0000,2,0.1053,2,0.1053
100,300,Onslow County,NC,CR4,0,0.0000,0,0.0000,0,0.0000,0,0.0000
100,300,Onslow County,NC,CR5,0,0.0000,0,0.0000,0,0.0000,0,0.0000
100,300,Onslow County,NC,WW2,0,0.0000,0,0.0000,0,0.0000,0,0.0000
100,300,Onslow County,NC,WW3,0,0.0000,0,0.0000,0,0.0000,0,0.0000
100,300,Onslow County,NC,WW4,0,0.0000,0,0.0000,0,0.0000,0,0.0000
000,000,Pender County,NC,CR2,0,0.0000,0,0.0000,0,0.0000,0,0.0000
000,000,Pender County,NC,CR3,0,0.0000,0,0.0000,0,0.0000,0,0.0000
000,000,Pender County,NC,CR4,0,0.0000,0,0.0000,0,0.0000,0,0.0000
000,000,Pender County,NC,CR5,0,0.0000,0,0.0000,0,0.0000,0,0.0000
000,000,Pender County,NC,WW2,0,0.0000,0,0.0000,0,0.0000,0,0.0000
000,000,Pender County,NC,WW3,0,0.0000,0,0.0000,0,0.0000,0,0.0000
000,000,Pender County,NC,WW4,0,0.0000,0,0.0000,0,0.0000,0,0.0000
000,025,Pender County,NC,CR2,0,0.0000,0,0.0000,0,0.0000,0,0.0000
000,025,Pender County,NC,CR3,0,0.0000,0,0.0000,0,0.0000,0,0.0000
000,025,Pender County,NC,CR4,0,0.0000,0,0.0000,0,0.0000,0,0.0000
000,025,Pender County,NC,CR5,0,0.0000,0,0.0000,0,0.0000,0,0.0000
000,025,Pender County,NC,WW2,0,0.0000,0,0.0000,0,0.0000,0,0.0000
000,025,Pender County,NC,WW3,0,0.0000,0,0.0000,0,0.0000,0,0.0000
000,025,Pender County,NC,WW4,0,0.0000,0,0.0000,0,0.0000,0,0.0000
000,050,Pender County,NC,CR2,0,0.0000,0,0.0000,0,0.0000,0,0.0000
000,050,Pender County,NC,CR3,0,0.0000,0,0.0000,0,0.0000,0,0.0000
000,050,Pender County,NC,CR4,0,0.0000,0,0.0000,0,0.0000,0,0.0000
000,050,Pender County,NC,CR5,0,0.0000,0,0.0000,0,0.0000,0,0.0000
000,050,Pender County,NC,WW2,0,0.0000,0,0.0000,0,0.0000,0,0.0000
000,050,Pender County,NC,WW3,0,0.0000,0,0.0000,0,0.0000,0,0.0000
000,050,Pender County,NC,WW4,0,0.0000,0,0.0000,0,0.0000,0,0.0000
000,100,Pender County,NC,CR2,0,0.0000,0,0.0000,0,0.0000,0,0.0000
000,100,Pender County,NC,CR3,0,0.0000,0,0.0000,0,0.0000,0,0.0000
000,100,Pender County,NC,CR4,0,0.0000,0,0.0000,0,0.0000,0,0.0000
000,100,Pender County,NC,CR5,0,0.0000,0,0.0000,0,0.0000,0,0.0000
000,100,Pender County,NC,WW2,0,0.0000,0,0.0000,0,0.0000,0,0.0000
000,100,Pender County,NC,WW3,0,0.0000,0,0.0000,0,0.0000,0,0.0000
000,100,Pender County,NC,WW4,0,0.0000,0,0.0000,0,0.0000,0,0.0000
000,150,Pender County,NC,CR2,0,0.0000,0,0.0000,0,0.0000,0,0.0000
000,150,Pender County,NC,CR3,0,0.0000,0,0.0000,1,0.1250,1,0.1250
000,150,Pender County,NC,CR4,0,0.0000,0,0.0000,0,0.0000,0,0.0000
000,150,Pender County,NC,CR5,0,0.0000,0,0.0000,0,0.0000,0,0.0000
000,150,Pender County,NC,WW2,0,0.0000,0,0.0000,0,0.0000,0,0.0000
000,150,Pender County,NC,WW3,0,0.0000,0,0.0000,0,0.0000,0,0.0000
000,150,Pender County,NC,WW4,0,0.0000,0,0.0000,0,0.0000,0,0.0000
000,200,Pender County,NC,CR2,0,0.0000,0,0.0000,0,0.0000,0,0.0000
000,200,Pender County,NC,CR3,0,0.0000,0,0.0000,1,0.1250,1,0.1250
000,200,Pender County,NC,CR4,0,0.0000,0,0.0000,0,0.0000,0,0.0000
000,200,Pender County,NC,CR5,0,0.0000,0,0.0000,0,0.0000,0,0.0000
000,200,Pender County,NC,WW2,0,0.0000,0,0.0000,3,0.0261,3,0.0261
000,200,Pender County,NC,WW3,0,0.0000,0,0.0000,0,0.0000,0,0.0000
000,200,Pender County,NC,WW4,0,0.0000,0,0.0000,0,0.0000,0,0.0000
000,300,Pender County,NC,CR2,0,0.0000,0,0.0000,2,1.0000,2,1.0000
000,300,Pender County,NC,CR3,0,0.0000,0,0.0000,2,0.2500,2,0.2500
000,300,Pender County,NC,CR4,0,0.0000,0,0.0000,0,0.0000,0,0.0000
000,300,Pender County,NC,CR5,0,0.0000,0,0.0000,0,0.0000,0,0.0000
000,300,Pender County,NC,WW2,0,0.0000,0,0.0000,6,0.0522,6,0.0522
000,300,Pender County,NC,WW3,0,0.0000,0,0.0000,0,0.0000,0,0.0000
000,300,Pender County,NC,WW4,0,0.0000,0,0.0000,0,0.0000,0,0.0000
100,000,Pender County,NC,CR2,0,0.0000,0,0.0000,0,0.0000,0,0.0000
100,000,Pender County,NC,CR3,0,0.0000,0,0.0000,0,0.0000,0,0.0000
100,000,Pender County,NC,CR4,0,0.0000,0,0.0000,0,0.0000,0,0.0000
100,000,Pender County,NC,CR5,0,0.0000,0,0.0000,0,0.0000,0,0.0000
100,000,Pender County,NC,WW2,0,0.0000,0,0.0000,0,0.0000,0,0.0000
100,000,Pender County,NC,WW3,0,0.0000,0,0.0000,0,0.0000,0,0.0000
100,000,Pender County,NC,WW4,0,0.0000,0,0.0000,0,0.0000,0,0.0000
100,025,Pender County,NC,CR2,0,0.0000,0,0.0000,0,0.0000,0,0.0000
100,025,Pender County,NC,CR3,0,0.0000,0,0.0000,0,0.0000,0,0.0000
100,025,Pender County,NC,CR4,0,0.0000,0,0.0000,0,0.0000,0,0.0000
100,025,Pender County,NC,CR5,0,0.0000,0,0.0000,0,0.0000,0,0.0000
100,025,Pender County,NC,WW2,0,0.0000,0,0.0000,0,0.0000,0,0.0000
100,025,Pender County,NC,WW3,0,0.0000,0,0.0000,0,0.0000,0,0.0000
100,025,Pender County,NC,WW4,0,0.0000,0,0.0000,0,0.0000,0,0.0000
100,050,Pender County,NC,CR2,0,0.0000,0,0.0000,0,0.0000,0,0.0000
100,050,Pender County,NC,CR3,0,0.0000,0,0.0000,0,0.0000,0,0.0000
100,050,Pender County,NC,CR4,0,0.0000,0,0.0000,0,0.0000,0,0.0000
100,050,Pender County,NC,CR5,0,0.0000,0,0.0000,0,0.0000,0,0.0000
100,050,Pender County,NC,WW2,0,0.0000,0,0.0000,0,0.0000,0,0.0000
100,050,Pender County,NC,WW3,0,0.0000,0,0.0000,0,0.0000,0,0.0000
100,050,Pender County,NC,WW4,0,0.0000,0,0.0000,0,0.0000,0,0.0000
100,100,Pender County,NC,CR2,0,0.0000,0,0.0000,0,0.0000,0,0.0000
100,100,Pender County,NC,CR3,0,0.0000,0,0.0000,0,0.0000,0,0.0000
100,100,Pender County,NC,CR4,0,0.0000,0,0.0000,0,0.0000,0,0.0000
100,100,Pender County,NC,CR5,0,0.0000,0,0.0000,0,0.0000,0,0.0000
100,100,Pender County,NC,WW2,0,0.0000,0,0.0000,0,0.0000,0,0.0000
100,100,Pender County,NC,WW3,0,0.0000,0,0.0000,0,0.0000,0,0.0000
100,100,Pender County,NC,WW4,0,0.0000,0,0.0000,0,0.0000,0,0.0000
100,150,Pender County,NC,CR2,0,0.0000,0,0.0000,0,0.0000,0,0.0000
100,150,Pender County,NC,CR3,0,0.0000,0,0.0000,1,0.1250,1,0.1250
100,150,Pender County,NC,CR4,0,0.0000,0,0.0000,0,0.0000,0,0.0000
100,150,Pender County,NC,CR5,0,0.0000,0,0.0000,0,0.0000,0,0.0000
100,150,Pender County,NC,WW2,0,0.0000,0,0.0000,0,0.0000,0,0.0000
100,150,Pender County,NC,WW3,0,0.0000,0,0.0000,0,0.0000,0,0.0000
100,150,Pender County,NC,WW4,0,0.0000,0,0.0000,0,0.0000,0,0.0000
100,200,Pender County,NC,CR2,0,0.0000,0,0.0000,0,0.0000,0,0.0000
100,200,Pender County,NC,CR3,0,0.0000,0,0.0000,1,0.1250,2,0.2500
100,200,Pender County,NC,CR4,0,0.0000,0,0.0000,0,0.0000,0,0.0000
100,200,Pender County,NC,CR5,0,0.0000,0,0.0000,0,0.0000,0,0.0000
100,200,Pender County,NC,WW2,0,0.0000,0,0.0000,3,0.0261,3,0.0261
100,200,Pender County,NC,WW3,0,0.0000,0,0.0000,0,0.0000,0,0.0000
100,200,Pender County,NC,WW4,0,0.0000,0,0.0000,0,0.0000,0,0.0000
100,300,Pender County,NC,CR2,0,0.0000,0,0.0000,2,1.0000,2,1.0000
100,300,Pender County,NC,CR3,0,0.0000,0,0.0000,2,0.2500,2,0.2500
100,300,Pender County,NC,CR4,0,0.0000,0,0.0000,0,0.0000,0,0.0000
100,300,Pender County,NC,CR5,0,0.0000,0,0.0000,0,0.0000,0,0.0000
100,300,Pender County,NC,WW2,0,0.0000,0,0.0000,6,0.0522,6,0.0522
100,300,Pender County,NC,WW3,0,0.0000,0,0.0000,0,0.0000,0,0.0000
100,300,Pender County,NC,WW4,0,0.0000,0,0.0000,0,0.0000,0,0.0000
